Test,GEDE,KIDW-TCGRU,BiLSTM-IDW
1,0.576,0.73,0.61
2,0.37,0.57,0.46
3,0.43,0.51,0.56
Mean,0.458666667,0.603333333,0.543333333
