Test,GEDE,KIDW-TCGRU,BiLSTM-IDW
1,16.8,52.96,58.88
2,22.13,57.7,53.49
3,18.27,65.6,56.19
Mean,19.06666667,58.75333333,56.18666667
